pose_id,elapsed_ms,valid,tx_mm,ty_mm,tz_mm,error
0,0,1,75.4174,-116.643,-465.84,0.389283
0,287,1,75.0818,-116.396,-465.838,0.418357
0,574,1,75.0102,-116.226,-465.831,0.417598
0,849,1,75.8566,-116.166,-465.738,0.425861
0,1126,1,75.4882,-116.183,-465.783,0.417748
0,1402,1,75.3441,-116.155,-465.781,0.425577
0,1679,1,75.162,-116.129,-465.777,0.445948
0,1964,1,75.4427,-116.059,-465.758,0.438073
0,2252,1,75.849,-115.958,-465.711,0.456711
0,2526,1,75.0578,-116.134,-465.79,0.405713
0,2800,1,75.4966,-116.111,-465.768,0.416534
0,3082,1,76.5077,-115.81,-465.597,0.45267
0,3363,1,75.6957,-115.904,-465.712,0.437302
0,3650,1,75.5606,-115.999,-465.723,0.41589
0,3933,1,75.7021,-115.886,-465.703,0.431949
1,0,1,178.667,-95.6166,-421.836,0.404416
1,287,1,181.345,-94.8131,-420.155,0.388029
1,560,1,181.333,-94.9988,-420.134,0.413138
1,844,1,181.368,-94.9107,-420.11,0.393647
1,1127,1,181.609,-94.8552,-420.005,0.4079
1,1414,1,181.908,-94.6669,-419.93,0.434168
1,1693,1,181.259,-94.9201,-420.131,0.396814
1,1986,1,181.595,-94.8465,-420.006,0.415921
1,2260,1,181.351,-94.8695,-420.093,0.404946
1,2546,1,180.774,-94.9743,-420.289,0.39498
1,2823,1,181.073,-94.8956,-420.18,0.388554
1,3111,1,181.45,-94.8839,-420.025,0.388904
1,3393,1,182.131,-94.6468,-419.825,0.40899
1,3675,1,181.603,-94.8805,-419.962,0.389539
1,3957,1,181.541,-94.7532,-420.021,0.396476
2,0,1,231.782,-62.7535,-395.705,0.384143
2,290,1,231.883,-62.7427,-395.617,0.387482
2,571,1,231.871,-62.829,-395.605,0.404536
2,851,1,231.733,-62.9292,-395.655,0.360038
2,1137,1,232.64,-62.3682,-395.264,0.409975
2,1414,1,231.756,-62.7432,-395.684,0.36504
2,1703,1,231.933,-62.58,-395.611,0.389096
2,1987,1,232.089,-62.6978,-395.523,0.376214
2,2263,1,231.502,-62.7285,-395.798,0.366549
2,2544,1,231.971,-62.8605,-395.539,0.369548
2,2816,1,232.141,-62.6612,-395.49,0.40393
2,3104,1,231.719,-62.8223,-395.678,0.374262
2,3386,1,232.168,-62.7954,-395.452,0.35793
2,3667,1,231.895,-62.8606,-395.584,0.41661
2,3956,1,232.43,-62.5799,-395.336,0.425789
3,0,1,292.477,-46.9996,-333.942,0.379741
3,285,1,292.547,-47.3539,-333.788,0.394312
3,571,1,292.325,-47.0177,-334.007,0.425161
3,855,1,292.692,-47.3768,-333.691,0.389801
3,1128,1,292.847,-46.8765,-333.608,0.378648
3,1417,1,292.709,-47.0046,-333.735,0.390792
3,1689,1,292.718,-46.5634,-333.758,0.428642
3,1956,1,292.247,-46.9281,-334.082,0.384297
3,2238,1,292.558,-47.3046,-333.765,0.380402
3,2520,1,292.665,-46.9441,-333.747,0.378851
3,2790,1,293.363,-46.9299,-333.208,0.394888
3,3058,1,292.777,-46.9182,-333.699,0.38853
3,3345,1,292.525,-47.0068,-333.912,0.424313
3,3624,1,292.282,-47.0399,-334.034,0.357471
3,3906,1,292.127,-47.0841,-334.144,0.363727
4,0,1,354.165,-101.199,-213.933,0.414006
4,284,1,354.593,-102.605,-212.352,0.402172
4,568,1,355.386,-102.682,-211.128,0.437236
4,842,1,355.006,-102.742,-211.633,0.430986
4,1124,1,355.417,-102.386,-211.093,0.416287
4,1393,1,355.185,-102.75,-211.351,0.414792
4,1678,1,355.164,-102.598,-211.367,0.441687
4,1959,1,355.239,-102.917,-211.167,0.43601
4,2249,1,355.304,-102.693,-211.194,0.43569
4,2522,1,355.154,-103.132,-211.19,0.474941
4,2790,1,355.357,-102.315,-211.232,0.411092
4,3082,1,355.012,-102.944,-211.464,0.453122
4,3361,1,355.314,-103.198,-210.958,0.396668
4,3644,1,354.81,-103.096,-211.698,0.41241
4,3930,1,355.524,-102.495,-210.965,0.414844
5,0,1,346.3,-180.935,-108.81,0.437637
5,275,1,346.651,-180.619,-108.329,0.440148
5,562,1,346.655,-180.649,-108.307,0.459072
5,838,1,346.654,-180.744,-108.249,0.445315
5,1125,1,346.708,-180.611,-108.214,0.456123
5,1408,1,346.598,-180.568,-108.596,0.433622
5,1690,1,346.44,-180.677,-108.741,0.429219
5,1977,1,346.597,-180.625,-108.426,0.436068
5,2255,1,346.531,-180.813,-108.344,0.438099
5,2544,1,346.484,-180.581,-108.798,0.435902
5,2821,1,346.154,-181.223,-108.785,0.418355
5,3109,1,346.689,-180.589,-108.366,0.479129
5,3386,1,346.624,-180.565,-108.468,0.437061
5,3675,1,346.42,-180.805,-108.564,0.417752
5,3957,1,346.271,-181.027,-108.665,0.43501
6,0,1,301.94,-307.392,-124.847,0.392698
6,277,1,301.413,-308.19,-125.059,0.398673
6,557,1,301.081,-309.034,-124.201,0.374487
6,843,1,301.601,-308.304,-124.568,0.397876
6,1119,1,301.219,-308.734,-124.434,0.398824
6,1403,1,301.284,-308.551,-124.666,0.395607
6,1694,1,301.297,-308.739,-124.272,0.405254
6,1968,1,300.938,-308.906,-124.621,0.36724
6,2258,1,301.016,-308.865,-124.544,0.360413
6,2534,1,301.268,-308.64,-124.48,0.399209
6,2824,1,301.496,-308.492,-124.319,0.410117
6,3113,1,300.988,-309.056,-124.222,0.376724
6,3389,1,301.336,-308.684,-124.318,0.393615
6,3665,1,300.72,-309.215,-124.422,0.360859
6,3940,1,301.105,-308.786,-124.472,0.388043
7,0,1,144.53,-311.819,19.7859,0.392064
7,267,1,144.378,-311.885,19.6607,0.347272
7,553,1,144.117,-312.024,19.7415,0.417405
7,833,1,144.207,-311.961,19.6659,0.38356
7,1107,1,144.367,-311.894,19.704,0.395907
7,1389,1,144.17,-311.99,19.6671,0.378494
7,1666,1,144.54,-311.829,19.7931,0.407336
7,1955,1,144.285,-311.927,19.7963,0.3833
7,2239,1,144.896,-311.654,19.8559,0.41636
7,2526,1,144.08,-312.024,19.7218,0.375208
7,2801,1,144.393,-311.91,19.6857,0.366272
7,3089,1,144.472,-311.857,19.7998,0.400243
7,3373,1,144.023,-312.043,19.7032,0.399764
7,3646,1,144.366,-311.861,19.7292,0.401147
7,3917,1,143.988,-312.077,19.7374,0.374635
8,0,1,136.592,84.513,-253.561,0.430291
8,285,1,136.75,84.5965,-253.478,0.458422
8,563,1,137.161,84.7251,-253.208,0.433652
8,844,1,136.66,84.5729,-253.56,0.460083
8,1136,1,136.55,84.835,-253.48,0.443729
8,1418,1,136.512,84.6973,-253.583,0.46904
8,1701,1,136.642,84.523,-253.561,0.456292
8,1981,1,136.961,84.8337,-253.293,0.457895
8,2255,1,136.848,84.6849,-253.434,0.460072
8,2528,1,136.715,84.6033,-253.477,0.450245
8,2808,1,136.718,84.7071,-253.426,0.441523
8,3092,1,136.186,84.5229,-253.698,0.443499
8,3378,1,136.882,84.6278,-253.404,0.46489
8,3663,1,136.731,84.7531,-253.454,0.465669
8,3940,1,136.936,84.5511,-253.367,0.473839
9,0,1,260.704,53.4696,-200.156,0.418741
9,276,1,260.875,53.3949,-200.005,0.402685
9,559,1,260.923,53.3999,-199.921,0.404315
9,841,1,260.778,53.4311,-200.081,0.419881
9,1133,1,260.62,53.4272,-200.202,0.428849
9,1406,1,260.492,53.3649,-200.414,0.415899
9,1674,1,260.858,53.6905,-199.963,0.440722
9,1957,1,261.05,53.3125,-199.836,0.415695
9,2243,1,260.978,53.2246,-199.927,0.41545
9,2529,1,260.83,53.6331,-200.067,0.456558
9,2811,1,260.577,53.4267,-200.297,0.39675
9,3098,1,260.462,53.4678,-200.423,0.39795
9,3373,1,260.634,53.4217,-200.36,0.431942
9,3657,1,261.014,53.7478,-199.831,0.436548
9,3943,1,260.987,53.3065,-199.855,0.374546
10,0,1,360.159,-44.6423,-138.195,0.454969
10,269,1,359.59,-45.9005,-138.949,0.423563
10,538,1,359.602,-45.5861,-138.965,0.390707
10,820,1,359.752,-44.9739,-138.83,0.41195
10,1112,1,359.752,-45.0139,-138.892,0.386574
10,1387,1,359.965,-45.2752,-138.465,0.435286
10,1680,1,359.77,-45.0139,-138.806,0.413697
10,1957,1,359.937,-45.0459,-138.443,0.452484
10,2234,1,359.749,-45.005,-138.836,0.406228
10,2528,1,359.953,-44.7251,-138.568,0.398197
10,2804,1,359.476,-45.5495,-139.286,0.392742
10,3089,1,359.844,-45.1243,-138.715,0.382879
10,3373,1,359.795,-45.2745,-138.673,0.455234
10,3649,1,360.092,-45.3686,-138.126,0.438018
10,3916,1,359.919,-45.3626,-138.471,0.425222
11,0,1,374.398,-151.561,-59.6907,0.450004
11,275,1,374.058,-152.203,-60.1151,0.384226
11,569,1,374.296,-151.577,-60.1816,0.419787
11,836,1,374.434,-151.493,-59.8534,0.398528
11,1116,1,374.654,-151.111,-59.7786,0.419234
11,1392,1,374.461,-151.513,-59.7625,0.421765
11,1673,1,374.845,-150.824,-59.4132,0.449246
11,1961,1,374.505,-151.548,-59.3623,0.411938
11,2235,1,374.509,-151.647,-59.2639,0.429967
11,2502,1,374.553,-151.35,-59.766,0.414713
11,2784,1,374.377,-151.845,-59.6744,0.400668
11,3059,1,374.377,-151.503,-59.9454,0.395497
11,3346,1,374.514,-151.455,-59.6784,0.396266
11,3631,1,374.511,-151.689,-59.3438,0.393143
11,3905,1,374.363,-152.025,-59.3808,0.368898
12,0,1,351.181,-197.028,150.845,0.404384
12,273,1,351.213,-196.64,151.366,0.438973
12,556,1,351.201,-196.634,151.596,0.426078
12,841,1,350.842,-197.352,151.201,0.398321
12,1127,1,351.326,-196.455,151.374,0.476913
12,1411,1,350.595,-197.525,151.799,0.445974
12,1692,1,351.334,-196.254,151.696,0.473955
12,1969,1,351.165,-196.762,151.481,0.438686
12,2257,1,350.752,-197.346,151.598,0.454987
12,2541,1,351.185,-196.928,151.101,0.421801
12,2833,1,351.117,-196.724,151.654,0.44883
12,3107,1,351.334,-196.403,151.402,0.471398
12,3384,1,351.079,-196.715,151.655,0.472356
12,3658,1,350.932,-197.001,151.668,0.425249
12,3941,1,351.006,-196.746,151.905,0.447054
13,0,1,242.105,-148.92,270.332,0.443882
13,282,1,242.28,-148.64,270.304,0.411883
13,558,1,242.084,-149.081,270.269,0.408866
13,837,1,242.562,-148.621,270.076,0.431032
13,1121,1,242.387,-148.566,270.349,0.445996
13,1404,1,242.115,-148.559,270.611,0.411393
13,1683,1,242.372,-148.562,270.361,0.460828
13,1980,1,242.493,-148.606,270.232,0.422872
13,2259,1,242.069,-148.871,270.427,0.409762
13,2536,1,241.909,-149.06,270.501,0.413095
13,2819,1,242.125,-149.092,270.213,0.42677
13,3106,1,242.109,-148.651,270.503,0.415797
13,3393,1,242.336,-148.499,270.412,0.465745
13,3675,1,242.21,-148.859,270.31,0.396511
13,3951,1,242.107,-148.79,270.452,0.449381
14,0,1,135.501,333.267,-217.847,0.438683
14,282,1,131.418,336.933,-211.518,0.432993
14,568,1,131.281,336.982,-211.519,0.478638
14,860,1,132.156,336.919,-211.12,0.468899
14,1146,1,131.783,336.87,-211.457,0.494197
14,1430,1,131.63,336.935,-211.439,0.390663
14,1713,1,131.946,336.85,-211.366,0.419866
14,1999,1,130.658,337.109,-211.64,0.450088
14,2281,1,130.847,337.068,-211.594,0.447271
14,2563,1,131.285,336.824,-211.719,0.407707
14,2847,1,131.286,337.013,-211.445,0.446908
14,3128,1,131.653,337.083,-211.244,0.484078
14,3411,1,131.752,336.911,-211.378,0.428777
14,3693,1,131.253,336.96,-211.521,0.427452
14,3975,1,131.4,337.073,-211.325,0.436669
